Raton,Grupo,Region,Antigeno,Reestimulacion
1,A,Peritoneo,1,87.80487611
2,A,Peritoneo,1,110.9756138
3,A,Peritoneo,1,95.01660951
4,A,Peritoneo,1,81.72757097
5,A,Peritoneo,1,89.35185297
6,A,Peritoneo,1,129.4797611
7,A,Peritoneo,1,123.6994242
8,A,Peritoneo,1,112.2806993
9,A,Peritoneo,1,125.4385963
10,A,Peritoneo,1,109.7222188
11,A,Peritoneo,1,112.5000049
1,B,Peritoneo,1,116.9398949
2,B,Peritoneo,1,95.08196796
3,B,Peritoneo,1,67.1052665
4,B,Peritoneo,1,63.81579223
5,B,Peritoneo,1,102.590674
6,B,Peritoneo,1,109.8445574
7,B,Peritoneo,1,71.73913087
8,B,Peritoneo,1,85.86956881
1,C,Peritoneo,1,74.91638421
2,C,Peritoneo,1,74.91638421
3,C,Peritoneo,1,95.07042438
4,C,Peritoneo,1,96.47887269
5,C,Peritoneo,1,85.33333823
6,C,Peritoneo,1,77.86666928
7,C,Peritoneo,1,85.25714849
8,C,Peritoneo,1,78.85714222
1,D,Peritoneo,1,120.279725
2,D,Peritoneo,1,100.6992995
3,D,Peritoneo,1,107.2961411
4,D,Peritoneo,1,116.7382013
5,D,Peritoneo,1,82.11206773
6,D,Peritoneo,1,92.45689352
7,D,Peritoneo,1,108.1818213
8,D,Peritoneo,1,83.63636595
9,D,Peritoneo,1,105.3254402
10,D,Peritoneo,1,110.0591709
11,D,Peritoneo,1,103.1055877
12,D,Peritoneo,1,85.71428406
1,I,Peritoneo,1,NA
2,I,Peritoneo,1,167.07317
3,I,Peritoneo,1,170.7317117
4,I,Peritoneo,1,69.87951753
5,I,Peritoneo,1,68.27309459
6,I,Peritoneo,1,71.49123088
7,I,Peritoneo,1,78.0701754
8,I,Peritoneo,1,75.69573598
9,I,Peritoneo,1,65.67717933
10,I,Peritoneo,1,123.5955015
11,I,Peritoneo,1,107.8651707
12,I,Peritoneo,1,84.80000159
13,I,Peritoneo,1,173.3333201
14,I,Peritoneo,1,84.76190383
15,I,Peritoneo,1,84.76190383
1,J,Peritoneo,1,76.00848987
2,J,Peritoneo,1,72.61146804
3,J,Peritoneo,1,83.74999833
4,J,Peritoneo,1,67.81250195
5,J,Peritoneo,1,81.58730009
6,J,Peritoneo,1,69.8412704
7,J,Peritoneo,1,77.98742016
8,J,Peritoneo,1,70.0209612
9,J,Peritoneo,1,126.8292749
10,J,Peritoneo,1,114.9825791
11,J,Peritoneo,1,130.4878097
12,J,Peritoneo,1,126.829268
13,J,Peritoneo,1,129.2307681
14,J,Peritoneo,1,130.5494471
15,J,Peritoneo,1,101.0581993
16,J,Peritoneo,1,93.65079443
1,A,Peritoneo,2,134.1463401
2,A,Peritoneo,2,110.9756138
3,A,Peritoneo,2,128.2392018
4,A,Peritoneo,2,112.2923604
5,A,Peritoneo,2,79.1666681
6,A,Peritoneo,2,106.3583813
7,A,Peritoneo,2,99.42196631
8,A,Peritoneo,2,70.17544218
9,A,Peritoneo,2,73.68420816
10,A,Peritoneo,2,68.75000081
11,A,Peritoneo,2,150.0000065
1,B,Peritoneo,2,126.7759539
2,B,Peritoneo,2,93.98907365
3,B,Peritoneo,2,77.30263
4,B,Peritoneo,2,79.93421064
5,B,Peritoneo,2,74.09326457
6,B,Peritoneo,2,91.19171024
7,B,Peritoneo,2,86.23188704
8,B,Peritoneo,2,84.42028915
1,C,Peritoneo,2,67.55852482
2,C,Peritoneo,2,77.59197114
3,C,Peritoneo,2,92.95774537
4,C,Peritoneo,2,130.281691
5,C,Peritoneo,2,66.66666832
6,C,Peritoneo,2,43.73333398
7,C,Peritoneo,2,67.88571507
8,C,Peritoneo,2,57.60000106
1,D,Peritoneo,2,97.90210145
2,D,Peritoneo,2,123.0769231
3,D,Peritoneo,2,83.26180669
4,D,Peritoneo,2,97.85408086
5,D,Peritoneo,2,65.51724069
6,D,Peritoneo,2,61.63792901
7,D,Peritoneo,2,105.4545447
8,D,Peritoneo,2,100.9090894
9,D,Peritoneo,2,110.0591709
10,D,Peritoneo,2,97.04141966
11,D,Peritoneo,2,94.40993875
12,D,Peritoneo,2,101.8633537
1,I,Peritoneo,2,NA
2,I,Peritoneo,2,135.3658502
3,I,Peritoneo,2,123.1707263
4,I,Peritoneo,2,63.85542403
5,I,Peritoneo,2,20.0803204
6,I,Peritoneo,2,77.19298389
7,I,Peritoneo,2,75.00000511
8,I,Peritoneo,2,96.84601302
9,I,Peritoneo,2,27.0871993
10,I,Peritoneo,2,76.40449327
11,I,Peritoneo,2,97.75280764
12,I,Peritoneo,2,45.333334
13,I,Peritoneo,2,76.26666322
14,I,Peritoneo,2,71.4285708
15,I,Peritoneo,2,95.23809439
1,J,Peritoneo,2,81.95329388
2,J,Peritoneo,2,76.85775323
3,J,Peritoneo,2,67.187503
4,J,Peritoneo,2,67.81250195
5,J,Peritoneo,2,68.25397149
6,J,Peritoneo,2,69.20635084
7,J,Peritoneo,2,66.66666927
8,J,Peritoneo,2,73.37526094
9,J,Peritoneo,2,105.9233479
10,J,Peritoneo,2,105.9233479
11,J,Peritoneo,2,129.2682883
12,J,Peritoneo,2,106.0975619
13,J,Peritoneo,2,143.2967025
14,J,Peritoneo,2,109.8901093
15,J,Peritoneo,2,97.88360143
16,J,Peritoneo,2,82.01058258
1,A,Peritoneo,3,184.1463458
2,A,Peritoneo,3,149.9999943
3,A,Peritoneo,3,117.3864865
4,A,Peritoneo,3,132.4473936
5,A,Peritoneo,3,149.5370292
6,A,Peritoneo,3,127.1676263
7,A,Peritoneo,3,200
8,A,Peritoneo,3,50.00000102
9,A,Peritoneo,3,64.03508946
10,A,Peritoneo,3,54.16666613
11,A,Peritoneo,3,52.77777957
1,B,Peritoneo,3,157.3770455
2,B,Peritoneo,3,115.8469904
3,B,Peritoneo,3,116.4473683
4,B,Peritoneo,3,91.1184207
5,B,Peritoneo,3,118.1347182
6,B,Peritoneo,3,112.4352363
7,B,Peritoneo,3,114.4927494
8,B,Peritoneo,3,102.1739161
1,C,Peritoneo,3,72.90969868
2,C,Peritoneo,3,119.7324357
3,C,Peritoneo,3,99.29577585
4,C,Peritoneo,3,109.8591512
5,C,Peritoneo,3,126.4000051
6,C,Peritoneo,3,128.0000024
7,C,Peritoneo,3,121.3714331
8,C,Peritoneo,3,119.7714315
1,D,Peritoneo,3,83.9160851
2,D,Peritoneo,3,100.6992995
3,D,Peritoneo,3,87.55365297
4,D,Peritoneo,3,112.446355
5,D,Peritoneo,3,104.3103414
6,D,Peritoneo,3,111.8534439
7,D,Peritoneo,3,110.9090894
8,D,Peritoneo,3,99.09091063
9,D,Peritoneo,3,81.65680301
10,D,Peritoneo,3,88.75739361
11,D,Peritoneo,3,126.7080781
12,D,Peritoneo,3,94.40993875
1,I,Peritoneo,3,NA
2,I,Peritoneo,3,169.5121903
3,I,Peritoneo,3,131.7073198
4,I,Peritoneo,3,106.0240935
5,I,Peritoneo,3,104.4176706
6,I,Peritoneo,3,119.2982501
7,I,Peritoneo,3,106.1403528
8,I,Peritoneo,3,100.1855319
9,I,Peritoneo,3,21.89239426
10,I,Peritoneo,3,64.04494311
11,I,Peritoneo,3,110.1123578
12,I,Peritoneo,3,39.99999752
13,I,Peritoneo,3,60.2666662
14,I,Peritoneo,3,78.09523953
15,I,Peritoneo,3,84.76190383
1,J,Peritoneo,3,119.3205972
2,J,Peritoneo,3,109.129508
3,J,Peritoneo,3,112.8125017
4,J,Peritoneo,3,105.3125027
5,J,Peritoneo,3,114.6031766
6,J,Peritoneo,3,103.4920665
7,J,Peritoneo,3,106.9182349
8,J,Peritoneo,3,101.0482162
9,J,Peritoneo,3,129.6167267
10,J,Peritoneo,3,120.5574955
11,J,Peritoneo,3,128.0487781
12,J,Peritoneo,3,106.0975619
13,J,Peritoneo,3,200.8791112
14,J,Peritoneo,3,166.1538388
15,J,Peritoneo,3,101.5873088
16,J,Peritoneo,3,102.1164084
1,A,Peritoneo,4,132.92683
2,A,Peritoneo,4,120.7317061
3,A,Peritoneo,4,22.8128462
4,A,Peritoneo,4,21.92690989
5,A,Peritoneo,4,121.2962941
6,A,Peritoneo,4,139.884389
7,A,Peritoneo,4,93.64161868
8,A,Peritoneo,4,63.15789388
9,A,Peritoneo,4,67.54385952
10,A,Peritoneo,4,54.16666613
11,A,Peritoneo,4,51.38888979
1,B,Peritoneo,4,159.5628443
2,B,Peritoneo,4,115.8469904
3,B,Peritoneo,4,104.2763178
4,B,Peritoneo,4,63.15789861
5,B,Peritoneo,4,101.0362725
6,B,Peritoneo,4,92.22797792
7,B,Peritoneo,4,121.014491
8,B,Peritoneo,4,92.02898546
1,C,Peritoneo,4,67.55852482
2,C,Peritoneo,4,87.62541746
3,C,Peritoneo,4,103.5211273
4,C,Peritoneo,4,86.61971489
5,C,Peritoneo,4,115.7333366
6,C,Peritoneo,4,106.1333329
7,C,Peritoneo,4,103.7714329
8,C,Peritoneo,4,88.00000102
1,D,Peritoneo,4,114.6853159
2,D,Peritoneo,4,116.0839149
3,D,Peritoneo,4,89.27038829
4,D,Peritoneo,4,111.5879874
5,D,Peritoneo,4,93.74999473
6,D,Peritoneo,4,97.41379355
7,D,Peritoneo,4,116.3636341
8,D,Peritoneo,4,99.09091063
9,D,Peritoneo,4,82.84023845
10,D,Peritoneo,4,86.39053375
11,D,Peritoneo,4,93.16769906
12,D,Peritoneo,4,78.26086906
1,I,Peritoneo,4,NA
2,I,Peritoneo,4,135.3658502
3,I,Peritoneo,4,137.8048818
4,I,Peritoneo,4,104.0160648
5,I,Peritoneo,4,86.34538258
6,I,Peritoneo,4,95.17544259
7,I,Peritoneo,4,107.0175444
8,I,Peritoneo,4,23.37662353
9,I,Peritoneo,4,25.97402692
10,I,Peritoneo,4,69.66292141
11,I,Peritoneo,4,80.89887276
12,I,Peritoneo,4,47.99999603
13,I,Peritoneo,4,63.46666561
14,I,Peritoneo,4,96.19047374
15,I,Peritoneo,4,103.8095263
1,J,Peritoneo,4,96.81528809
2,J,Peritoneo,4,100.6369455
3,J,Peritoneo,4,89.68749995
4,J,Peritoneo,4,83.12499938
5,J,Peritoneo,4,93.01587592
6,J,Peritoneo,4,82.85714514
7,J,Peritoneo,4,107.7568079
8,J,Peritoneo,4,86.79245209
9,J,Peritoneo,4,128.2230008
10,J,Peritoneo,4,112.1951273
11,J,Peritoneo,4,135.3658502
12,J,Peritoneo,4,129.2682883
13,J,Peritoneo,4,162.6373614
14,J,Peritoneo,4,117.8021918
15,J,Peritoneo,4,93.65079443
16,J,Peritoneo,4,81.48148294
1,A,Peritoneo,5,108.5365822
2,A,Peritoneo,5,113.414634
3,A,Peritoneo,5,27.46400928
4,A,Peritoneo,5,33.00110661
5,A,Peritoneo,5,105.5555546
6,A,Peritoneo,5,139.884389
7,A,Peritoneo,5,100.5780337
8,A,Peritoneo,5,72.80701667
9,A,Peritoneo,5,92.98245374
10,A,Peritoneo,5,65.97222123
11,A,Peritoneo,5,59.027782
1,B,Peritoneo,5,127.8688482
2,B,Peritoneo,5,113.6612018
3,B,Peritoneo,5,30.92105261
4,B,Peritoneo,5,47.69736771
5,B,Peritoneo,5,98.96372749
6,B,Peritoneo,5,97.92745981
7,B,Peritoneo,5,94.92753804
8,B,Peritoneo,5,85.50725058
1,C,Peritoneo,5,76.25418079
2,C,Peritoneo,5,97.65886377
3,C,Peritoneo,5,NA
4,C,Peritoneo,5,78.87323611
5,C,Peritoneo,5,93.33333466
6,C,Peritoneo,5,104.5333356
7,C,Peritoneo,5,99.42857026
8,C,Peritoneo,5,98.057144
1,D,Peritoneo,5,124.4755221
2,D,Peritoneo,5,118.881126
3,D,Peritoneo,5,103.0042948
4,D,Peritoneo,5,109.8712441
5,D,Peritoneo,5,99.56896225
6,D,Peritoneo,5,96.12068431
7,D,Peritoneo,5,100.9090894
8,D,Peritoneo,5,81.81817874
9,D,Peritoneo,5,93.49111885
10,D,Peritoneo,5,86.39053375
11,D,Peritoneo,5,159.0062059
12,D,Peritoneo,5,81.98757656
1,I,Peritoneo,5,NA
2,I,Peritoneo,5,156.0975563
3,I,Peritoneo,5,170.7317117
4,I,Peritoneo,5,93.17268755
5,I,Peritoneo,5,93.97589902
6,I,Peritoneo,5,95.61403835
7,I,Peritoneo,5,91.22807261
8,I,Peritoneo,5,26.3450838
9,I,Peritoneo,5,26.71614069
10,I,Peritoneo,5,112.3595449
11,I,Peritoneo,5,144.9438211
12,I,Peritoneo,5,62.9333332
13,I,Peritoneo,5,38.9333327
14,I,Peritoneo,5,95.23809439
15,I,Peritoneo,5,89.52380944
1,J,Peritoneo,5,95.11676926
2,J,Peritoneo,5,94.69214154
3,J,Peritoneo,5,85.00000204
4,J,Peritoneo,5,100.6250048
5,J,Peritoneo,5,86.98412822
6,J,Peritoneo,5,105.3968252
7,J,Peritoneo,5,95.17819754
8,J,Peritoneo,5,91.8238978
9,J,Peritoneo,5,140.0696837
10,J,Peritoneo,5,101.7421638
11,J,Peritoneo,5,142.6829223
12,J,Peritoneo,5,124.3902478
13,J,Peritoneo,5,187.6923043
14,J,Peritoneo,5,181.5384523
15,J,Peritoneo,5,96.82540214
16,J,Peritoneo,5,104.232807
1,A,Peritoneo,6,126.829268
2,A,Peritoneo,6,157.3170777
3,A,Peritoneo,6,56.03543638
4,A,Peritoneo,6,46.2901431
5,A,Peritoneo,6,99.53703784
6,A,Peritoneo,6,132.947974
7,A,Peritoneo,6,130.6358392
8,A,Peritoneo,6,51.7543881
9,A,Peritoneo,6,64.03508946
10,A,Peritoneo,6,49.30555672
11,A,Peritoneo,6,54.8611094
1,B,Peritoneo,6,180.3278668
2,B,Peritoneo,6,133.3333299
3,B,Peritoneo,6,32.23684293
4,B,Peritoneo,6,64.80263268
5,B,Peritoneo,6,103.1088079
6,B,Peritoneo,6,87.56476371
7,B,Peritoneo,6,119.9275431
8,B,Peritoneo,6,115.9420358
1,C,Peritoneo,6,83.61204018
2,C,Peritoneo,6,135.7859573
3,C,Peritoneo,6,NA
4,C,Peritoneo,6,64.08450926
5,C,Peritoneo,6,106.6666653
6,C,Peritoneo,6,108.2666726
7,C,Peritoneo,6,114.0571426
8,C,Peritoneo,6,118.1714299
1,D,Peritoneo,6,138.4615385
2,D,Peritoneo,6,141.2587365
3,D,Peritoneo,6,96.9957132
4,D,Peritoneo,6,112.446355
5,D,Peritoneo,6,133.8362047
6,D,Peritoneo,6,104.956896
7,D,Peritoneo,6,112.7272766
8,D,Peritoneo,6,122.7272766
9,D,Peritoneo,6,74.5562124
10,D,Peritoneo,6,76.92307777
11,D,Peritoneo,6,88.19875766
12,D,Peritoneo,6,104.3478216
1,I,Peritoneo,6,NA
2,I,Peritoneo,6,164.6341498
3,I,Peritoneo,6,136.5853603
4,I,Peritoneo,6,107.6305164
5,I,Peritoneo,6,95.1807237
6,I,Peritoneo,6,110.0877228
7,I,Peritoneo,6,108.3333398
8,I,Peritoneo,6,20.03710638
9,I,Peritoneo,6,22.63450803
10,I,Peritoneo,6,67.41572904
11,I,Peritoneo,6,82.02247156
12,I,Peritoneo,6,52.26666521
13,I,Peritoneo,6,101.8666585
14,I,Peritoneo,6,141.9047622
15,I,Peritoneo,6,83.80952449
1,J,Peritoneo,6,101.9108287
2,J,Peritoneo,6,105.3078585
3,J,Peritoneo,6,108.1250037
4,J,Peritoneo,6,90.62499836
5,J,Peritoneo,6,115.5555619
6,J,Peritoneo,6,83.17460492
7,J,Peritoneo,6,116.5618398
8,J,Peritoneo,6,96.01677052
9,J,Peritoneo,6,135.1916431
10,J,Peritoneo,6,142.8571484
11,J,Peritoneo,6,126.829268
12,J,Peritoneo,6,126.829268
13,J,Peritoneo,6,198.2417531
14,J,Peritoneo,6,195.1648271
15,J,Peritoneo,6,93.12169479
16,J,Peritoneo,6,97.88360143
1,A,Peritoneo,7,108.5365822
2,A,Peritoneo,7,135.3658502
3,A,Peritoneo,7,21.70542632
4,A,Peritoneo,7,31.45071961
5,A,Peritoneo,7,NA
6,A,Peritoneo,7,141.0404563
7,A,Peritoneo,7,120.2312113
8,A,Peritoneo,7,122.8070218
9,A,Peritoneo,7,71.05263368
10,A,Peritoneo,7,55.55555915
11,A,Peritoneo,7,146.5277771
1,B,Peritoneo,7,158.4699398
2,B,Peritoneo,7,127.8688482
3,B,Peritoneo,7,96.38158198
4,B,Peritoneo,7,86.51315917
5,B,Peritoneo,7,101.0362725
6,B,Peritoneo,7,83.41969299
7,B,Peritoneo,7,137.6811566
8,B,Peritoneo,7,111.5942036
1,C,Peritoneo,7,81.60534842
2,C,Peritoneo,7,96.98996237
3,C,Peritoneo,7,NA
4,C,Peritoneo,7,111.2675995
5,C,Peritoneo,7,105.6000005
6,C,Peritoneo,7,86.93333553
7,C,Peritoneo,7,98.51428608
8,C,Peritoneo,7,103.9999997
1,D,Peritoneo,7,132.8671293
2,D,Peritoneo,7,110.4895058
3,D,Peritoneo,7,101.2875595
4,D,Peritoneo,7,115.8798336
5,D,Peritoneo,7,107.7586193
6,D,Peritoneo,7,100.6465506
7,D,Peritoneo,7,111.8181787
8,D,Peritoneo,7,120
9,D,Peritoneo,7,104.1420103
10,D,Peritoneo,7,79.28993763
11,D,Peritoneo,7,111.8012366
12,D,Peritoneo,7,105.590067
1,I,Peritoneo,7,NA
2,I,Peritoneo,7,252.4390259
3,I,Peritoneo,7,252.4390259
4,I,Peritoneo,7,96.38554091
5,I,Peritoneo,7,98.39356958
6,I,Peritoneo,7,88.15789415
7,I,Peritoneo,7,106.5789486
8,I,Peritoneo,7,96.10389925
9,I,Peritoneo,7,NA
10,I,Peritoneo,7,108.9887642
11,I,Peritoneo,7,85.39325749
12,I,Peritoneo,7,89.06666084
13,I,Peritoneo,7,66.1333326
14,I,Peritoneo,7,114.2857168
15,I,Peritoneo,7,88.57143009
1,J,Peritoneo,7,89.17197316
2,J,Peritoneo,7,106.1571139
3,J,Peritoneo,7,86.5624994
4,J,Peritoneo,7,70.93750249
5,J,Peritoneo,7,85.71428909
6,J,Peritoneo,7,76.19047788
7,J,Peritoneo,7,96.43605701
8,J,Peritoneo,7,100.6289297
9,J,Peritoneo,7,127.5261379
10,J,Peritoneo,7,122.6480843
11,J,Peritoneo,7,134.1463401
12,J,Peritoneo,7,132.92683
13,J,Peritoneo,7,165.2747195
14,J,Peritoneo,7,178.4615427
15,J,Peritoneo,7,103.1746077
16,J,Peritoneo,7,79.36507944
1,A,Peritoneo,8,NA
2,A,Peritoneo,8,160.9756081
3,A,Peritoneo,8,81.0631244
4,A,Peritoneo,8,109.1915823
5,A,Peritoneo,8,106.9444411
6,A,Peritoneo,8,116.7629984
7,A,Peritoneo,8,91.32947317
8,A,Peritoneo,8,226.315798
9,A,Peritoneo,8,157.0175391
10,A,Peritoneo,8,198.6111134
11,A,Peritoneo,8,175.6944465
1,B,Peritoneo,8,275.4098347
2,B,Peritoneo,8,71.0382524
3,B,Peritoneo,8,86.51315917
4,B,Peritoneo,8,67.76316013
5,B,Peritoneo,8,109.8445574
6,B,Peritoneo,8,94.81865678
7,B,Peritoneo,8,123.1884139
8,B,Peritoneo,8,106.1594234
1,C,Peritoneo,8,125.7525047
2,C,Peritoneo,8,146.4882925
3,C,Peritoneo,8,NA
4,C,Peritoneo,8,172.5352056
5,C,Peritoneo,8,125.8666727
6,C,Peritoneo,8,100.2666662
7,C,Peritoneo,8,67.88571507
8,C,Peritoneo,8,86.17143267
1,D,Peritoneo,8,151.0489558
2,D,Peritoneo,8,169.2307692
3,D,Peritoneo,8,115.8798336
4,D,Peritoneo,8,130.4721078
5,D,Peritoneo,8,81.89654684
6,D,Peritoneo,8,74.35344437
7,D,Peritoneo,8,168.1818213
8,D,Peritoneo,8,146.3636425
9,D,Peritoneo,8,178.6982282
10,D,Peritoneo,8,171.5976265
11,D,Peritoneo,8,152.7950248
12,D,Peritoneo,8,166.4596209
1,I,Peritoneo,8,NA
2,I,Peritoneo,8,109.7560923
3,I,Peritoneo,8,121.9512162
4,I,Peritoneo,8,89.95983419
5,I,Peritoneo,8,57.83132305
6,I,Peritoneo,8,103.9473741
7,I,Peritoneo,8,81.57894963
8,I,Peritoneo,8,102.0408163
9,I,Peritoneo,8,NA
10,I,Peritoneo,8,152.8089865
11,I,Peritoneo,8,161.7977455
12,I,Peritoneo,8,111.4666616
13,I,Peritoneo,8,122.1333296
14,I,Peritoneo,8,236.1904862
15,I,Peritoneo,8,100.9523793
1,J,Peritoneo,8,73.4607235
2,J,Peritoneo,8,93.84288608
3,J,Peritoneo,8,82.18750096
4,J,Peritoneo,8,81.56250202
5,J,Peritoneo,8,88.57142714
6,J,Peritoneo,8,83.80952449
7,J,Peritoneo,8,104.402516
8,J,Peritoneo,8,83.43815235
9,J,Peritoneo,8,115.679442
10,J,Peritoneo,8,134.4947802
11,J,Peritoneo,8,198.7804899
12,J,Peritoneo,8,203.6585304
13,J,Peritoneo,8,113.4065949
14,J,Peritoneo,8,137.5824185
15,J,Peritoneo,8,86.24338958
16,J,Peritoneo,8,78.8359798
1,A,Peritoneo,9,NA
2,A,Peritoneo,9,102.4390202
3,A,Peritoneo,9,69.98892149
4,A,Peritoneo,9,109.41307
5,A,Peritoneo,9,73.14814272
6,A,Peritoneo,9,94.79768606
7,A,Peritoneo,9,71.67630092
8,A,Peritoneo,9,127.1929792
9,A,Peritoneo,9,76.31579082
10,A,Peritoneo,9,95.1388906
11,A,Peritoneo,9,220.83335
1,B,Peritoneo,9,135.5191287
2,B,Peritoneo,9,89.61748623
3,B,Peritoneo,9,50.98684197
4,B,Peritoneo,9,58.88157777
5,B,Peritoneo,9,72.53886305
6,B,Peritoneo,9,80.3108803
7,B,Peritoneo,9,85.1449256
8,B,Peritoneo,9,73.18840379
1,C,Peritoneo,9,100.3344445
2,C,Peritoneo,9,152.5083616
3,C,Peritoneo,9,NA
4,C,Peritoneo,9,128.8732427
5,C,Peritoneo,9,95.46666439
6,C,Peritoneo,9,78.93333414
7,C,Peritoneo,9,57.37143001
8,C,Peritoneo,9,45.25714338
1,D,Peritoneo,9,121.678324
2,D,Peritoneo,9,132.8671293
3,D,Peritoneo,9,133.9055784
4,D,Peritoneo,9,108.1545087
5,D,Peritoneo,9,55.17241089
6,D,Peritoneo,9,59.91379004
7,D,Peritoneo,9,117.2727319
8,D,Peritoneo,9,102.7272766
9,D,Peritoneo,9,100.5917205
10,D,Peritoneo,9,115.9763316
11,D,Peritoneo,9,122.9813648
12,D,Peritoneo,9,110.5590027
1,I,Peritoneo,9,NA
2,I,Peritoneo,9,92.68292794
3,I,Peritoneo,9,123.1707263
4,I,Peritoneo,9,83.13252922
5,I,Peritoneo,9,52.61044102
6,I,Peritoneo,9,60.52631654
7,I,Peritoneo,9,56.14035081
8,I,Peritoneo,9,74.21150153
9,I,Peritoneo,9,NA
10,I,Peritoneo,9,92.13482934
11,I,Peritoneo,9,93.25842291
12,I,Peritoneo,9,65.59999523
13,I,Peritoneo,9,56.53332943
14,I,Peritoneo,9,175.2381015
15,I,Peritoneo,9,83.80952449
1,J,Peritoneo,9,66.66666403
2,J,Peritoneo,9,55.20169955
3,J,Peritoneo,9,71.56250144
4,J,Peritoneo,9,82.50000044
5,J,Peritoneo,9,73.33333392
6,J,Peritoneo,9,72.69841436
7,J,Peritoneo,9,72.11740147
8,J,Peritoneo,9,65.40880199
9,J,Peritoneo,9,85.71428386
10,J,Peritoneo,9,110.1045255
11,J,Peritoneo,9,98.78048988
12,J,Peritoneo,9,96.34145829
13,J,Peritoneo,9,43.0769227
14,J,Peritoneo,9,82.63735974
15,J,Peritoneo,9,53.4391526
16,J,Peritoneo,9,55.5555561
1,A,Bazo,1,125.6198375
2,A,Bazo,1,157.0247892
3,A,Bazo,1,116.3398658
4,A,Bazo,1,108.4967297
5,A,Bazo,1,143.3628369
6,A,Bazo,1,123.8938103
7,A,Bazo,1,112.9411819
8,A,Bazo,1,110.5882337
9,A,Bazo,1,97.2067035
10,A,Bazo,1,109.497206
11,A,Bazo,1,122.7848161
12,A,Bazo,1,131.6455725
1,B,Bazo,1,122.8571473
2,B,Bazo,1,111.4285687
3,B,Bazo,1,117.9487198
4,B,Bazo,1,145.2991571
5,B,Bazo,1,133.7931027
6,B,Bazo,1,128.275858
7,B,Bazo,1,114.7058777
8,B,Bazo,1,125.0000051
9,B,Bazo,1,121.0810752
10,B,Bazo,1,104.8648666
11,B,Bazo,1,101.3698607
12,B,Bazo,1,104.1095883
13,B,Bazo,1,121.8487332
14,B,Bazo,1,89.9159681
15,B,Bazo,1,78.55973815
16,B,Bazo,1,64.81178306
17,B,Bazo,1,92.78350288
18,B,Bazo,1,105.1546449
1,C,Bazo,1,145.2631538
2,C,Bazo,1,181.0526347
3,C,Bazo,1,144.444443
4,C,Bazo,1,179.629638
5,C,Bazo,1,115.5555534
6,C,Bazo,1,122.9629621
7,C,Bazo,1,113.114755
8,C,Bazo,1,101.6393491
9,C,Bazo,1,96.11650683
10,C,Bazo,1,99.02913236
11,C,Bazo,1,121.3872787
12,C,Bazo,1,105.2023139
13,C,Bazo,1,122.6277328
14,C,Bazo,1,128.4671525
15,C,Bazo,1,119.5530755
16,C,Bazo,1,97.2067035
1,D,Bazo,1,88.57143009
2,D,Bazo,1,86.6666714
3,D,Bazo,1,90.80459204
4,D,Bazo,1,80.45977147
5,D,Bazo,1,118.3999983
6,D,Bazo,1,121.6000002
7,D,Bazo,1,103.1249995
8,D,Bazo,1,105.2083293
9,D,Bazo,1,115.0000004
10,D,Bazo,1,116.2499983
11,D,Bazo,1,128.5714233
12,D,Bazo,1,107.142855
1,I,Bazo,1,145.9853981
2,I,Bazo,1,159.1240891
3,I,Bazo,1,181.9444431
4,I,Bazo,1,180.5555565
5,I,Bazo,1,74.75728309
6,I,Bazo,1,69.90291324
7,I,Bazo,1,120.4678398
8,I,Bazo,1,114.6198856
9,I,Bazo,1,131.0000039
10,I,Bazo,1,111.0000002
11,I,Bazo,1,121.3793093
12,I,Bazo,1,129.6551701
13,I,Bazo,1,117.142858
14,I,Bazo,1,119.999996
1,J,Bazo,1,100
2,J,Bazo,1,111.4942546
3,J,Bazo,1,109.4117592
4,J,Bazo,1,117.6470498
5,J,Bazo,1,95.18716396
6,J,Bazo,1,102.6738022
7,J,Bazo,1,103.1249995
8,J,Bazo,1,116.6666626
9,J,Bazo,1,92.81767632
10,J,Bazo,1,82.87292639
1,A,Bazo,2,155.3718994
2,A,Bazo,2,153.7190097
3,A,Bazo,2,108.4967297
4,A,Bazo,2,98.03921294
5,A,Bazo,2,141.5929284
6,A,Bazo,2,134.5132778
7,A,Bazo,2,117.6470562
8,A,Bazo,2,98.82352593
9,A,Bazo,2,97.2067035
10,A,Bazo,2,90.50279399
11,A,Bazo,2,98.73417639
12,A,Bazo,2,130.3797518
1,B,Bazo,2,121.4285783
2,B,Bazo,2,107.142855
3,B,Bazo,2,133.3333333
4,B,Bazo,2,97.43590172
5,B,Bazo,2,121.3793054
6,B,Bazo,2,148.9655158
7,B,Bazo,2,123.5294057
8,B,Bazo,2,132.3529337
9,B,Bazo,2,135.1351354
10,B,Bazo,2,125.4054022
11,B,Bazo,2,142.4657505
12,B,Bazo,2,136.9862951
13,B,Bazo,2,97.47898811
14,B,Bazo,2,93.27730685
15,B,Bazo,2,51.06382797
16,B,Bazo,2,49.09983482
17,B,Bazo,2,96.90721689
18,B,Bazo,2,108.2474232
1,C,Bazo,2,160
2,C,Bazo,2,134.7368364
3,C,Bazo,2,157.4074187
4,C,Bazo,2,122.2222237
5,C,Bazo,2,142.2222302
6,C,Bazo,2,149.6296251
7,C,Bazo,2,100
8,C,Bazo,2,131.1475497
9,C,Bazo,2,121.3592283
10,C,Bazo,2,106.7961187
11,C,Bazo,2,126.011559
12,C,Bazo,2,113.2947963
13,C,Bazo,2,135.7664238
14,C,Bazo,2,122.6277328
15,C,Bazo,2,110.6145225
16,C,Bazo,2,109.497206
1,D,Bazo,2,140.9523829
2,D,Bazo,2,99.04762065
3,D,Bazo,2,120.6896519
4,D,Bazo,2,134.4827531
5,D,Bazo,2,129.6000014
6,D,Bazo,2,131.1999987
7,D,Bazo,2,112.500003
8,D,Bazo,2,105.2083293
9,D,Bazo,2,100.0000029
10,D,Bazo,2,112.4999931
11,D,Bazo,2,114.28572
12,D,Bazo,2,117.142858
1,I,Bazo,2,148.9051147
2,I,Bazo,2,182.4817544
3,I,Bazo,2,129.1666652
4,I,Bazo,2,131.9444382
5,I,Bazo,2,132.0388401
6,I,Bazo,2,106.7961187
7,I,Bazo,2,114.6198856
8,I,Bazo,2,114.6198856
9,I,Bazo,2,120.0000037
10,I,Bazo,2,119.0000054
11,I,Bazo,2,120.0000013
12,I,Bazo,2,114.4827565
13,I,Bazo,2,107.142855
14,I,Bazo,2,109.9999997
1,J,Bazo,2,126.4367791
2,J,Bazo,2,110.3448313
3,J,Bazo,2,118.8235183
4,J,Bazo,2,139.9999956
5,J,Bazo,2,109.0909136
6,J,Bazo,2,89.83956948
7,J,Bazo,2,115.6249977
8,J,Bazo,2,112.500003
9,J,Bazo,2,99.4475096
10,J,Bazo,2,100.5524904
1,A,Bazo,3,152.0661199
2,A,Bazo,3,140.4958762
3,A,Bazo,3,92.8104576
4,A,Bazo,3,101.960781
5,A,Bazo,3,113.2743345
6,A,Bazo,3,116.8141597
7,A,Bazo,3,107.058828
8,A,Bazo,3,92.94117202
9,A,Bazo,3,121.7877085
10,A,Bazo,3,116.2011155
11,A,Bazo,3,110.1265859
12,A,Bazo,3,97.46835574
1,B,Bazo,3,148.5714293
2,B,Bazo,3,134.2857127
3,B,Bazo,3,135.0427322
4,B,Bazo,3,164.1025763
5,B,Bazo,3,129.6551659
6,B,Bazo,3,135.1724106
7,B,Bazo,3,142.6470611
8,B,Bazo,3,122.05882
9,B,Bazo,3,135.1351354
10,B,Bazo,3,110.2702728
11,B,Bazo,3,90.41095628
12,B,Bazo,3,124.6575364
13,B,Bazo,3,126.0504144
14,B,Bazo,3,119.3277291
15,B,Bazo,3,97.87233796
16,B,Bazo,3,93.2896883
17,B,Bazo,3,119.5876296
18,B,Bazo,3,111.3402111
1,C,Bazo,3,160
2,C,Bazo,3,187.3684133
3,C,Bazo,3,174.0740746
4,C,Bazo,3,146.2962917
5,C,Bazo,3,87.40741144
6,C,Bazo,3,211.8518525
7,C,Bazo,3,114.7541041
8,C,Bazo,3,113.114755
9,C,Bazo,3,100.9708767
10,C,Bazo,3,106.7961187
11,C,Bazo,3,122.5433461
12,C,Bazo,3,116.7629984
13,C,Bazo,3,112.4087584
14,C,Bazo,3,135.7664238
15,C,Bazo,3,136.312844
16,C,Bazo,3,141.899437
1,D,Bazo,3,213.3333286
2,D,Bazo,3,172.3809634
3,D,Bazo,3,147.126431
4,D,Bazo,3,149.4252883
5,D,Bazo,3,131.1999987
6,D,Bazo,3,134.3999932
7,D,Bazo,3,100.0000049
8,D,Bazo,3,110.4166635
9,D,Bazo,3,126.2499928
10,D,Bazo,3,121.2500013
11,D,Bazo,3,130.0000057
12,D,Bazo,3,122.8571473
1,I,Bazo,3,121.1678812
2,I,Bazo,3,127.007301
3,I,Bazo,3,143.0555561
4,I,Bazo,3,116.6666607
5,I,Bazo,3,114.5631141
6,I,Bazo,3,146.6019497
7,I,Bazo,3,113.4502969
8,I,Bazo,3,115.7894743
9,I,Bazo,3,129.0000073
10,I,Bazo,3,122.9999987
11,I,Bazo,3,110.3448325
12,I,Bazo,3,107.5862036
13,I,Bazo,3,95.71428301
14,I,Bazo,3,125.7142853
1,J,Bazo,3,127.5862025
2,J,Bazo,3,116.0919479
3,J,Bazo,3,96.47058347
4,J,Bazo,3,109.4117592
5,J,Bazo,3,103.7433191
6,J,Bazo,3,106.9518698
7,J,Bazo,3,118.7500021
8,J,Bazo,3,109.3749986
9,J,Bazo,3,113.812157
10,J,Bazo,3,91.71270582
1,A,Bazo,4,130.5785068
2,A,Bazo,4,130.5785068
3,A,Bazo,4,108.4967297
4,A,Bazo,4,81.0457535
5,A,Bazo,4,125.6637188
6,A,Bazo,4,111.5044259
7,A,Bazo,4,108.2352966
8,A,Bazo,4,117.6470562
9,A,Bazo,4,106.145246
10,A,Bazo,4,100.5586531
11,A,Bazo,4,98.73417639
12,A,Bazo,4,82.27848426
1,B,Bazo,4,135.7142817
2,B,Bazo,4,102.8571413
3,B,Bazo,4,119.6581266
4,B,Bazo,4,117.9487198
5,B,Bazo,4,131.0344739
6,B,Bazo,4,92.41378699
7,B,Bazo,4,95.588236
8,B,Bazo,4,104.411764
9,B,Bazo,4,92.97297493
10,B,Bazo,4,84.32432095
11,B,Bazo,4,113.6986257
12,B,Bazo,4,102.7397213
13,B,Bazo,4,84.03360963
14,B,Bazo,4,100.8403347
15,B,Bazo,4,72.66775566
16,B,Bazo,4,76.59574196
17,B,Bazo,4,112.3711372
18,B,Bazo,4,112.3711372
1,C,Bazo,4,157.8947307
2,C,Bazo,4,147.3684231
3,C,Bazo,4,127.7777785
4,C,Bazo,4,138.8888882
5,C,Bazo,4,103.7037078
6,C,Bazo,4,117.0370324
7,C,Bazo,4,103.2786907
8,C,Bazo,4,113.114755
9,C,Bazo,4,103.8835022
10,C,Bazo,4,96.11650683
11,C,Bazo,4,98.26589894
12,C,Bazo,4,86.7051983
13,C,Bazo,4,99.27007423
14,C,Bazo,4,109.4890486
15,C,Bazo,4,113.9664825
16,C,Bazo,4,105.0279295
1,D,Bazo,4,125.7142867
2,D,Bazo,4,111.4285699
3,D,Bazo,4,116.0919479
4,D,Bazo,4,104.597704
5,D,Bazo,4,155.2000023
6,D,Bazo,4,108.7999998
7,D,Bazo,4,105.2083293
8,D,Bazo,4,106.2500039
9,D,Bazo,4,89.9999968
10,D,Bazo,4,100.0000029
11,D,Bazo,4,97.14285866
12,D,Bazo,4,107.142855
1,I,Bazo,4,135.7664238
2,I,Bazo,4,157.6642375
3,I,Bazo,4,141.6666696
4,I,Bazo,4,180.5555565
5,I,Bazo,4,89.32039265
6,I,Bazo,4,105.8252465
7,I,Bazo,4,107.6023427
8,I,Bazo,4,114.6198856
9,I,Bazo,4,91.00000577
10,I,Bazo,4,91.00000577
11,I,Bazo,4,113.1034485
12,I,Bazo,4,104.8275876
13,I,Bazo,4,115.714289
14,I,Bazo,4,108.5714307
1,J,Bazo,4,108.0459739
2,J,Bazo,4,125.2873558
3,J,Bazo,4,116.4705813
4,J,Bazo,4,135.2941106
5,J,Bazo,4,110.1604305
6,J,Bazo,4,99.46524155
7,J,Bazo,4,106.2500039
8,J,Bazo,4,104.1666644
9,J,Bazo,4,96.13259811
10,J,Bazo,4,82.87292639
1,A,Bazo,5,160.3305841
2,A,Bazo,5,148.760325
3,A,Bazo,5,117.6470531
4,A,Bazo,5,109.803917
5,A,Bazo,5,136.2831864
6,A,Bazo,5,123.8938103
7,A,Bazo,5,115.2941191
8,A,Bazo,5,104.7058798
9,A,Bazo,5,111.731839
10,A,Bazo,5,107.262573
11,A,Bazo,5,116.455701
12,A,Bazo,5,96.20253508
1,B,Bazo,5,131.4285747
2,B,Bazo,5,112.8571377
3,B,Bazo,5,143.5897424
4,B,Bazo,5,111.1111164
5,B,Bazo,5,128.275858
6,B,Bazo,5,86.89654876
7,B,Bazo,5,110.2941137
8,B,Bazo,5,94.11764343
9,B,Bazo,5,129.7297292
10,B,Bazo,5,128.64865
11,B,Bazo,5,58.9041102
12,B,Bazo,5,117.8082204
13,B,Bazo,5,108.4033625
14,B,Bazo,5,94.95798405
15,B,Bazo,5,78.23240647
16,B,Bazo,5,82.16039277
17,B,Bazo,5,113.4020633
18,B,Bazo,5,111.3402111
1,C,Bazo,5,183.1578942
2,C,Bazo,5,166.3157786
3,C,Bazo,5,138.8888882
4,C,Bazo,5,142.5925943
5,C,Bazo,5,91.85185528
6,C,Bazo,5,122.9629621
7,C,Bazo,5,90.16393568
8,C,Bazo,5,122.9508193
9,C,Bazo,5,123.3009726
10,C,Bazo,5,118.4466027
11,C,Bazo,5,106.3583813
12,C,Bazo,5,98.26589894
13,C,Bazo,5,109.4890486
14,C,Bazo,5,97.8102159
15,C,Bazo,5,136.312844
16,C,Bazo,5,145.251397
1,D,Bazo,5,115.2380962
2,D,Bazo,5,130.4761923
3,D,Bazo,5,114.9425246
4,D,Bazo,5,104.597704
5,D,Bazo,5,140.7999971
6,D,Bazo,5,116.800001
7,D,Bazo,5,98.95833025
8,D,Bazo,5,109.3749986
9,D,Bazo,5,147.5000028
10,D,Bazo,5,120.0000035
11,D,Bazo,5,137.142864
12,D,Bazo,5,128.5714233
1,I,Bazo,5,138.6861268
2,I,Bazo,5,162.0437921
3,I,Bazo,5,166.6666656
4,I,Bazo,5,198.611107
5,I,Bazo,5,97.08737899
6,I,Bazo,5,86.40776712
7,I,Bazo,5,125.1462054
8,I,Bazo,5,106.432754
9,I,Bazo,5,119.0000054
10,I,Bazo,5,115.0000028
11,I,Bazo,5,92.41378996
12,I,Bazo,5,96.5517268
13,I,Bazo,5,122.8571473
14,I,Bazo,5,214.28571
1,J,Bazo,5,117.2413819
2,J,Bazo,5,113.7931012
3,J,Bazo,5,92.94116693
4,J,Bazo,5,115.2941127
5,J,Bazo,5,104.812836
6,J,Bazo,5,120.8556195
7,J,Bazo,5,109.3749986
8,J,Bazo,5,115.6249977
9,J,Bazo,5,93.92265711
10,J,Bazo,5,89.50276482
1,A,Bazo,6,115.7024835
2,A,Bazo,6,122.3140503
3,A,Bazo,6,162.091507
4,A,Bazo,6,74.50980476
5,A,Bazo,6,90.26549081
6,A,Bazo,6,116.8141597
7,A,Bazo,6,108.2352966
8,A,Bazo,6,124.7058787
9,A,Bazo,6,110.6145225
10,A,Bazo,6,101.67598
11,A,Bazo,6,82.27848426
12,A,Bazo,6,94.93670852
1,B,Bazo,6,114.28572
2,B,Bazo,6,109.9999997
3,B,Bazo,6,124.7863311
4,B,Bazo,6,124.7863311
5,B,Bazo,6,124.1379213
6,B,Bazo,6,166.8965449
7,B,Bazo,6,130.882348
8,B,Bazo,6,120.5882343
9,B,Bazo,6,112.4324313
10,B,Bazo,6,87.56756871
11,B,Bazo,6,117.8082204
12,B,Bazo,6,121.9178024
13,B,Bazo,6,117.6470597
14,B,Bazo,6,167.2268846
15,B,Bazo,6,93.2896883
16,B,Bazo,6,89.03437031
17,B,Bazo,6,108.2474232
18,B,Bazo,6,96.90721689
1,C,Bazo,6,181.0526347
2,C,Bazo,6,138.9473653
3,C,Bazo,6,185.1851842
4,C,Bazo,6,122.2222237
5,C,Bazo,6,112.5925955
6,C,Bazo,6,170.3703722
7,C,Bazo,6,114.7541041
8,C,Bazo,6,95.08196784
9,C,Bazo,6,99.02913236
10,C,Bazo,6,110.6796164
11,C,Bazo,6,73.98843567
12,C,Bazo,6,95.95375343
13,C,Bazo,6,124.0875979
14,C,Bazo,6,113.86861
15,C,Bazo,6,99.44133654
16,C,Bazo,6,99.44133654
1,D,Bazo,6,124.7619074
2,D,Bazo,6,110.4761906
3,D,Bazo,6,117.2413819
4,D,Bazo,6,122.9885092
5,D,Bazo,6,115.1999963
6,D,Bazo,6,110.3999971
7,D,Bazo,6,113.5416679
8,D,Bazo,6,95.83333556
9,D,Bazo,6,86.24999742
10,D,Bazo,6,137.4999967
11,D,Bazo,6,104.285717
12,D,Bazo,6,107.142855
1,I,Bazo,6,129.927004
2,I,Bazo,6,110.9489069
3,I,Bazo,6,113.8888877
4,I,Bazo,6,124.9999927
5,I,Bazo,6,77.66990862
6,I,Bazo,6,100.9708767
7,I,Bazo,6,125.1462054
8,I,Bazo,6,104.0935658
9,I,Bazo,6,216.0000104
10,I,Bazo,6,105.0000009
11,I,Bazo,6,93.79310438
12,I,Bazo,6,96.5517268
13,I,Bazo,6,90.00000033
14,I,Bazo,6,100.0000033
1,J,Bazo,6,129.8850598
2,J,Bazo,6,128.7356258
3,J,Bazo,6,41.17646962
4,J,Bazo,6,115.2941127
5,J,Bazo,6,102.6738022
6,J,Bazo,6,95.18716396
7,J,Bazo,6,127.083331
8,J,Bazo,6,120.8333319
9,J,Bazo,6,102.7624314
10,J,Bazo,6,123.7569018
1,A,Bazo,7,170.2479381
2,A,Bazo,7,175.2066074
3,A,Bazo,7,137.2548993
4,A,Bazo,7,125.4902013
5,A,Bazo,7,109.7345174
6,A,Bazo,7,123.8938103
7,A,Bazo,7,118.8235248
8,A,Bazo,7,69.41176735
9,A,Bazo,7,110.6145225
10,A,Bazo,7,100.5586531
11,A,Bazo,7,110.1265859
12,A,Bazo,7,118.9873423
1,B,Bazo,7,119.999996
2,B,Bazo,7,148.5714293
3,B,Bazo,7,155.5555662
4,B,Bazo,7,128.2051288
5,B,Bazo,7,107.5862002
6,B,Bazo,7,133.7931027
7,B,Bazo,7,111.7647063
8,B,Bazo,7,98.52940743
9,B,Bazo,7,114.5945898
10,B,Bazo,7,91.8918957
11,B,Bazo,7,101.3698607
12,B,Bazo,7,115.0684863
13,B,Bazo,7,112.605036
14,B,Bazo,7,140.3361276
15,B,Bazo,7,95.25368449
16,B,Bazo,7,84.77905233
17,B,Bazo,7,107.2164971
18,B,Bazo,7,97.93814299
1,C,Bazo,7,170.5263173
2,C,Bazo,7,166.3157786
3,C,Bazo,7,133.3333333
4,C,Bazo,7,144.444443
5,C,Bazo,7,136.2963005
6,C,Bazo,7,130.3703708
7,C,Bazo,7,118.0327871
8,C,Bazo,7,113.114755
9,C,Bazo,7,87.37863928
10,C,Bazo,7,102.912621
11,C,Bazo,7,94.79768606
12,C,Bazo,7,116.7629984
13,C,Bazo,7,96.35036437
14,C,Bazo,7,140.145992
15,C,Bazo,7,116.2011155
16,C,Bazo,7,122.905025
1,D,Bazo,7,110.4761906
2,D,Bazo,7,100.9523793
3,D,Bazo,7,111.4942546
4,D,Bazo,7,100
5,D,Bazo,7,145.6000038
6,D,Bazo,7,79.99999702
7,D,Bazo,7,104.1666644
8,D,Bazo,7,100.0000049
9,D,Bazo,7,92.49999833
10,D,Bazo,7,121.2500013
11,D,Bazo,7,107.142855
12,D,Bazo,7,92.857145
1,I,Bazo,7,170.8029149
2,I,Bazo,7,237.9562079
3,I,Bazo,7,191.6666615
4,I,Bazo,7,273.6111078
5,I,Bazo,7,88.34952049
6,I,Bazo,7,86.40776712
7,I,Bazo,7,116.9590629
8,I,Bazo,7,106.432754
9,I,Bazo,7,NA
10,I,Bazo,7,83.00000056
11,I,Bazo,7,117.2413853
12,I,Bazo,7,131.0344781
13,I,Bazo,7,104.285717
14,I,Bazo,7,198.5714243
1,J,Bazo,7,17.24137922
2,J,Bazo,7,131.0344831
3,J,Bazo,7,10.58823454
4,J,Bazo,7,110.5882277
5,J,Bazo,7,99.46524155
6,J,Bazo,7,93.04813015
7,J,Bazo,7,108.3333337
8,J,Bazo,7,115.6249977
9,J,Bazo,7,97.23756861
10,J,Bazo,7,88.39779432
1,A,Bazo,8,238.0165261
2,A,Bazo,8,153.7190097
3,A,Bazo,8,322.8758267
4,A,Bazo,8,118.9542526
5,A,Bazo,8,207.0796423
6,A,Bazo,8,223.0088519
7,A,Bazo,8,81.17646969
8,A,Bazo,8,89.41176625
9,A,Bazo,8,160.8938491
10,A,Bazo,8,159.7765325
11,A,Bazo,8,270.8860924
12,A,Bazo,8,273.4177338
1,B,Bazo,8,234.285716
2,B,Bazo,8,277.142866
3,B,Bazo,8,85.47008588
4,B,Bazo,8,100.8547074
5,B,Bazo,8,314.4827528
6,B,Bazo,8,394.4827425
7,B,Bazo,8,269.117652
8,B,Bazo,8,254.4117674
9,B,Bazo,8,109.1891835
10,B,Bazo,8,164.324325
11,B,Bazo,8,397.2602532
12,B,Bazo,8,345.2054718
13,B,Bazo,8,110.0840319
14,B,Bazo,8,176.4705818
15,B,Bazo,8,109.656303
16,B,Bazo,8,60.88379676
17,B,Bazo,8,147.4226823
18,B,Bazo,8,131.958762
1,C,Bazo,8,166.3157786
2,C,Bazo,8,242.1052595
3,C,Bazo,8,209.2592696
4,C,Bazo,8,261.1111205
5,C,Bazo,8,223.7037119
6,C,Bazo,8,242.9629662
7,C,Bazo,8,178.6885298
8,C,Bazo,8,159.0164012
9,C,Bazo,8,111.6504886
10,C,Bazo,8,159.2233059
11,C,Bazo,8,147.9768713
12,C,Bazo,8,167.630049
13,C,Bazo,8,221.8978138
14,C,Bazo,8,192.7007287
15,C,Bazo,8,246.9273666
16,C,Bazo,8,205.586593
1,D,Bazo,8,136.1904773
2,D,Bazo,8,94.28571505
3,D,Bazo,8,112.6436779
4,D,Bazo,8,48.27585967
5,D,Bazo,8,267.1999892
6,D,Bazo,8,196.7999906
7,D,Bazo,8,131.2500003
8,D,Bazo,8,165.6250099
9,D,Bazo,8,148.7500007
10,D,Bazo,8,231.2499987
11,D,Bazo,8,171.4285733
12,D,Bazo,8,164.285715
1,I,Bazo,8,135.7664238
2,I,Bazo,8,140.145992
3,I,Bazo,8,155.5555477
4,I,Bazo,8,173.6111111
5,I,Bazo,8,105.8252465
6,I,Bazo,8,92.23300914
7,I,Bazo,8,167.2514628
8,I,Bazo,8,175.4385944
9,I,Bazo,8,NA
10,I,Bazo,8,199.0000017
11,I,Bazo,8,267.5862139
12,I,Bazo,8,201.3793144
13,I,Bazo,8,198.5714243
14,I,Bazo,8,302.8571347
1,J,Bazo,8,NA
2,J,Bazo,8,102.2988466
3,J,Bazo,8,NA
4,J,Bazo,8,227.0588199
5,J,Bazo,8,225.6684456
6,J,Bazo,8,137.9679199
7,J,Bazo,8,145.833338
8,J,Bazo,8,180.2083378
9,J,Bazo,8,91.71270582
10,J,Bazo,8,120.4419903
1,A,Bazo,9,138.842971
2,A,Bazo,9,128.925617
3,A,Bazo,9,166.013069
4,A,Bazo,9,101.960781
5,A,Bazo,9,196.4601747
6,A,Bazo,9,130.9734526
7,A,Bazo,9,89.41176625
8,A,Bazo,9,108.2352966
9,A,Bazo,9,136.312844
10,A,Bazo,9,137.4301606
11,A,Bazo,9,136.7088669
12,A,Bazo,9,140.5063289
1,B,Bazo,9,127.1428543
2,B,Bazo,9,127.1428543
3,B,Bazo,9,160.6837627
4,B,Bazo,9,121.3675254
5,B,Bazo,9,159.9999923
6,B,Bazo,9,180.6896501
7,B,Bazo,9,133.8235331
8,B,Bazo,9,123.5294057
9,B,Bazo,9,154.5945918
10,B,Bazo,9,176.2162167
11,B,Bazo,9,231.5068333
12,B,Bazo,9,268.4931475
13,B,Bazo,9,102.5210041
14,B,Bazo,9,152.1008445
15,B,Bazo,9,80.85106604
16,B,Bazo,9,47.79050809
17,B,Bazo,9,128.8659837
18,B,Bazo,9,115.4639155
1,C,Bazo,9,221.0526249
2,C,Bazo,9,126.3157884
3,C,Bazo,9,168.5185283
4,C,Bazo,9,157.4074187
5,C,Bazo,9,140.7407374
6,C,Bazo,9,143.7037092
7,C,Bazo,9,113.114755
8,C,Bazo,9,113.114755
9,C,Bazo,9,124.2718447
10,C,Bazo,9,141.7475798
11,C,Bazo,9,289.0173384
12,C,Bazo,9,122.5433461
13,C,Bazo,9,160.5839406
14,C,Bazo,9,147.4452496
15,C,Bazo,9,101.67598
16,C,Bazo,9,111.731839
1,D,Bazo,9,114.2857168
2,D,Bazo,9,90.47618879
3,D,Bazo,9,106.8965506
4,D,Bazo,9,106.8965506
5,D,Bazo,9,129.6000014
6,D,Bazo,9,145.6000038
7,D,Bazo,9,109.3749986
8,D,Bazo,9,139.5833292
9,D,Bazo,9,157.4999973
10,D,Bazo,9,208.7499908
11,D,Bazo,9,92.857145
12,D,Bazo,9,145.7142913
1,I,Bazo,9,127.007301
2,I,Bazo,9,129.927004
3,I,Bazo,9,116.6666607
4,I,Bazo,9,130.5555517
5,I,Bazo,9,91.26213698
6,I,Bazo,9,84.4660228
7,I,Bazo,9,127.4853827
8,I,Bazo,9,126.3157941
9,I,Bazo,9,NA
10,I,Bazo,9,118.0000071
11,I,Bazo,9,166.8965503
12,I,Bazo,9,142.0689678
13,I,Bazo,9,149.9999983
14,I,Bazo,9,187.142859
1,J,Bazo,9,NA
2,J,Bazo,9,135.6321871
3,J,Bazo,9,NA
4,J,Bazo,9,88.23528735
5,J,Bazo,9,109.0909136
6,J,Bazo,9,111.2299474
7,J,Bazo,9,115.6249977
8,J,Bazo,9,108.3333337
9,J,Bazo,9,101.6574609
10,J,Bazo,9,89.50276482
